Term,Average_Polarity
αβαφτιστ,0.0
χριστ,-0.25
αβαπτιστ,0.0
αβεβαιοτητ,-0.5
αγαμητ,-1.0
αγανακτης,-1.0
αγανακτω,-1.0
αγαπ,1.0
αγγελ,0.5
αγελ,-0.75
αγευσι,-0.25
αγκουσευ,-1.0
αγορευ,-0.75
αγριεμ,-1.0
αγριευ,-1.0
αγροτοπατερ,-1.0
αγχ,-1.0
αγωνι,-0.5
αδειαζ,-0.75
αδειασμ,-0.75
αδελφατ,-0.75
αδελφ,0.625
αδελφοσυν,1.0
αδελφουλ,1.0
αδερφ,1.0
αδερφουλ,1.0
αδιαθετ,-0.25
αδιαφορι,-1.0
αερ,0.0
αεροβατω,-0.75
αηδι,-1.0
αηδιαζ,-1.0
αθλ,1.0
αιδημοσυν,-0.75
αιδως,-0.75
αιμ,-0.5
αιρεσιαρχ,-0.5
αισθαν,0.0
αισθαντικοτητ,0.75
αισθημ,0.0
αισθηματι,0.25
αισθηματικοτητ,0.5
αισθηματισμ,-0.5
αισθηματολογι,-0.5
αισθηματολογ,-0.5
αισθης,0.0
αιωνι,0.0
ακαδημαικ,0.0
ακαλαισθησι,-1.0
ακαπν,-0.25
ακηδεμονευτ,-0.5
ακουω,0.25
αλεπ,-0.25
αλευρων,-0.5
αλητακ,-0.75
αληταμπουρ,-1.0
αληταρ,-1.0
αληταρι,-1.0
αλητ,-0.75
αλητοπαρε,-0.75
αλητοτουριστ,-1.0
αλιευ,-0.5
αλλ,0.0
αλλαξοκωλι,-0.75
αλλαχ,-0.5
αλληθωριζ,-0.5
αλλοπιστ,-0.75
αλογ,-1.0
αλογομουρ,-1.0
αλυσιδ,-0.5
αλυτρωτ,-0.75
αμαν,-0.75
αμιμητ,0.5
αμοιβαιοτητ,0.5
αμοιβ,0.0
αμφιθυμι,-0.5
αναβ,-0.25
αναγαλλιαζ,1.0
αναθεμ,-1.0
αναισθησι,-1.0
αναισχυντι,-1.0
ανακατεμ,-1.0
ανακατευ,-0.75
ανακραζ,-0.5
αναλαμβανω,0.0
αναλγησι,-0.75
αναλιγων,-0.5
αναμμ,-0.5
αναπηδ,-0.5
αναπλαθ,0.5
αναπλας,0.5
αναπτερων,1.0
αναριγ,-1.0
αναρριπιζ,0.75
ανασκιρτω,-0.25
αναστατων,-0.75
αναστατως,-0.75
αναστεναγμ,-0.5
ανασφαλει,-1.0
ανατριχιαζ,-0.75
ανατριχιλ,-0.75
ανδραγαθημ,0.75
ανδρεικελο,-1.0
ανεκδιηγητ,-1.0
ανεκδοτολογι,-0.75
ανελεημον,-1.0
ανεμιζ,0.0
ανες,0.5
ανευθυνολογ,-1.0
ανθρωπακ,-0.75
ανθρωπι,1.0
ανθρωπ,0.5
ανθρωποφοβι,-1.0
ανι,-1.0
ανοι,-0.75
ανοιγ,0.0
ανορθων,0.25
ανταποκριν,0.5
αντ,-0.5
αντιγραφε,-0.5
αντιπαθει,-1.0
αντιπαθ,-1.0
αντιστεκ,-0.25
αντιχριστ,-1.0
ανυπομονησι,0.25
ανυπομον,0.25
ανωτεροτητ,1.0
αξι,0.5
απαγγελλ,0.0
απαλυν,0.75
απανθρωπι,-1.0
απανθρωποποιης,-0.75
απαξαπαντ,-0.25
απελπισι,-1.0
απεχθανομα,-1.0
απεχθει,-1.0
απηδηχτ,-0.75
απογοητευς,-1.0
απογοητευ,-1.0
αποδοκιμασι,-1.0
αποδ,-0.5
αποζητω,0.0
αποζουρλαιν,-0.5
απολαυς,1.0
απολειφαδ,-1.0
αποναρκως,-0.5
αποπνε,0.0
απορφανιζ,-0.75
αποσβολων,0.0
αποσκατ,-1.0
αποστασιοποι,-0.5
αποστερης,-0.75
αποστολ,0.0
αποστρεφ,-1.0
αποστροφ,-1.0
αποτροπιασμ,-1.0
αποτυφλων,-0.5
αποφοιτ,0.0
αποφορτιζ,0.0
αποφορτις,0.0
αποχαιρετισμ,-1.0
αποχρως,0.0
αποχωρισμ,-1.0
απροικιστ,-0.75
απωθης,-0.75
απωθω,-0.75
αραμπ,-0.5
αραπακλ,-1.0
αραπ,-1.0
αραπι,-0.75
αρβανιτ,-0.75
αρβανιτικ,-0.75
αρβυλ,-0.75
αρειμανιος,-1.0
αρεσκ,1.0
αρες,1.0
αριστοκρατ,-0.5
αριστοκρατι,-0.5
αριστοκρατισς,-0.5
αρμονι,1.0
αρναουτ,-0.75
αρναουτικ,-0.75
αρρωστ,-1.0
αρρωστοφαγι,-0.75
αρχαι,-0.25
αρχιδατ,1.0
αρχιδ,-0.75
αρχικλεφταρ,-1.0
αρχικλεφτ,-1.0
αρχιμασον,-0.75
αρχιμαφιοζ,-1.0
αρχιτεκτον,0.25
αρχιτεμπελ,-1.0
αρχιψευτ,-1.0
αρχιψευτρ,-1.0
αρχομαν,-1.0
αρχοντανθρωπ,1.0
αρχον,0.5
ασακι,0.25
ασκερ,-0.75
ασμ,0.0
ας,0.75
ασπιδ,-0.25
ασπονδ,-0.75
ασπονδυλ,-0.5
ασπρουλιαρ,-0.75
ασσακι,0.25
ασς,0.75
ασταθει,-0.75
αστοιχειωτ,-1.0
αστραφτ,0.5
ασφαλει,1.0
ασφαλιτ,-1.0
ασφυκτιω,-1.0
ασφυξι,-0.75
αυθαδομουτρ,-1.0
αυλ,-0.75
αυριανισμ,-1.0
αυταπατ,-0.75
αυτ,-0.1875
αυτοικανοποιης,-0.5
αυτοικανοποι,-0.75
αυτοκυριαρχι,0.75
αυτοκυριαρχ,0.75
αυτοσεβασμ,0.75
αυτοσυγκρατης,0.75
αυτοσυγκρατ,0.5
αυτοσυναισθημ,0.0
αυτοτελει,0.5
αφαιρω,-0.75
αφεντι,-0.25
αφ,0.0
αφηγ,0.0
αφηνιαζω,-1.0
αφιλανθρωπι,-0.75
αφιονιζ,-0.75
αφοσιως,1.0
αφυπνιζ,0.5
αφυπνις,0.5
αχ,0.0
αχυρανθρωπ,-1.0
αψιθυμι,-0.5
βαλκανι,-0.5
βαραιν,-1.0
βαρελ,-0.625
βαρελακ,-0.75
βαρ,-0.875
βαριεστημαρ,-1.0
βαριεστ,-1.0
βαρυμαγκ,-0.75
βαρυπενθουν,-1.0
βαρυπενθους,-1.0
βαρυπενθ,-1.0
βαρυστομαχι,-1.0
βαρυστομαχιαζ,-1.0
βαφτιστικ,0.5
βγαιν,0.0
βδελυγμι,-1.0
βεβαιων,0.0
βλακει,-0.75
βλαμμεν,-0.75
βλαχακ,-0.75
βλαχαρ,-1.0
βλαχι,-1.0
βλαχ,-1.0
βλαχοδημαρχ,-1.0
βλεπ,0.0
βοιδαμαξ,-0.75
βολευ,0.0
βουιζ,-0.75
βουλησιαρχι,0.0
βουτυρ,-0.5
βουτυρομπεμπ,-1.0
βουτυροπαιδ,-1.0
βρ,-0.5
βρισκ,0.0
βρομοπαιδ,-0.75
βρομοποδαρ,-0.875
βρομοσκυλ,-1.0
βρομοχερ,-1.0
βρωμοπαιδ,-1.0
βρωμοποδαρ,-0.875
βρωμοχερ,-1.0
γαβγιζ,-0.75
γαβγισμ,-0.75
γαιδουροκαβαλαρι,-0.75
γαμαω,-0.25
γαμης,-0.75
γαμησιατικ,-1.0
γαμι,-0.5
γαμ,-0.75
γαμιολ,-0.75
γαμπρ,-0.25
γαμπρουλ,0.75
γαμω,-0.5
γαμωτ,-0.75
γαργαλ,0.5
γατακ,-0.5
γειτς,0.5
γελι,0.75
γεμιζ,0.25
γενικοτητ,0.0
γενναιοφρον,0.75
γερακ,0.75
γερμανοτσολι,-1.0
γερομπαμπαλ,-1.0
γεροντοκορ,-1.0
γεροξεκουτ,-1.0
γεροξουρ,-1.0
γεροπαραλυμενος,-1.0
γερος,-0.5
γεροτραγ,-1.0
γερουσι,-0.75
γευ,0.5
γευς,0.25
γηροκομει,-0.75
γιαλαντζ,-0.75
γιανκ,-1.0
γιατακ,0.5
γιατροσοφ,-0.75
γιοκ,-0.25
γιουφτακ,-1.0
γιουφτ,-1.0
γκαβακ,-1.0
γκαβ,-0.75
γκαβωμαρ,-1.0
γκαβων,-0.75
γκαμ,0.5
γκαμηλ,-1.0
γκαυλ,1.0
γκεσταπιτ,-0.75
γκιαουρ,-1.0
γκιος,-1.0
γκλαβ,-0.5
γκομενακι,-0.5
γκομενιλικ,-0.75
γκραν,0.0
γκρανκας,-1.0
γλαστρ,-1.0
γλειφτ,-1.0
γλειφτρ,-1.0
γλειφ,-1.0
γλεντ,0.25
γλυκ,0.75
γλυκυτητ,1.0
γλωσς,0.0
γνησιοτητ,0.5
γομαρ,-1.0
γραφι,-0.75
γραφικ,-0.5
γραφικοτητ,-0.5
γριουλ,0.75
γυαλακι,-0.75
γυμνι,-0.75
γυναικ,-0.25
γυριζ,0.0
γυριστρ,-0.75
γυροφερν,-0.5
γυφτακ,-1.0
γυφταρι,-1.0
γυφταρ,-1.0
γυφτι,-1.0
γυφτ,-1.0
γωνι,0.0
γωνιτς,0.5
δαμαζ,0.0
δαυτ,-1.0
δειγμ,-0.25
δειγματολογι,-0.25
δειχν,0.0
δ,0.25
δεσιμ,0.25
δεσμωτ,-1.0
διαβεβαιων,0.0
διαβολ,-1.0
διαθες,0.5
διαισθαν,-0.5
διαισθης,-0.5
διαισθητικοτητ,-0.5
διακατεχω,-0.25
διακονευ,-0.75
διακονι,-1.0
διαμαντικ,-0.25
διανθιζ,0.75
διαπνε,0.5
διασκεδαζ,1.0
διασπειρ,-0.25
διαστρεφω,-0.75
διαστροφ,-1.0
διαφημιστ,-0.5
διαφημιστικ,-0.5
διεγειρ,0.0
διεγερς,0.0
διεθν,0.0
διερμηνευ,0.0
διευθυντηρι,-0.5
δικαιοσυν,0.0
δικολαβ,-0.75
διοπτροφορ,-0.5
διοχετευ,-0.5
διπλαρωμ,-1.0
διπλαρων,-1.0
διπλωματ,-0.5
διπλωματικ,-0.25
διψ,0.0
διψαλεος,-0.5
δογμ,-0.5
δογματικ,-0.5
δοκησισοφι,-1.0
δοκησισοφ,-1.0
δοκιμαζ,0.0
δολι,-0.5
δονκιχοτικ,-0.75
δονκιχοτισμ,-0.75
δονκιχωτικ,-0.75
δορυφορ,-0.5
δοσοληψι,-0.5
δοτ,-0.5
δουλ,-0.8125
δουλακ,-1.0
δουλικ,-1.0
δραπετευ,-0.5
δραστ,-0.5
δροσιζ,0.75
δυσαισθησι,-0.75
δυσαρεσκει,-1.0
δυσθυμι,-1.0
δυσπεπτ,-0.75
δυσφορι,-1.0
δυσφορ,-1.0
δωμ,-0.5
εβραικ,-0.75
εβραι,-0.75
εγκεφαλ,-0.25
εγ,0.0
εγωισταρ,-0.75
εγωιστ,-0.75
εδαφ,0.0
εδεης,-0.5
εδω,0.0
εθελοντ,0.25
εθνοσωτηρ,0.0
ειδοποι,0.0
ειδυλλι,0.25
ειλικρινει,0.75
ειρων,-0.5
ειρωνει,-0.75
ειρωνευ,-0.75
εκατοχρονιτικ,-0.75
εκδηλων,0.0
εκδραμ,0.25
εκει,0.0
εκθαμβ,1.0
εκκολαπτ,-0.5
εκλογικευ,0.0
εκμυστηρευ,0.0
εκπληξ,0.25
εκπλησς,0.25
εκρηγνυ,-1.0
εκρηξ,-1.0
εκτελ,-0.75
εκτονων,-0.5
εκφραζ,0.0
εκφρας,0.0
ελεγει,0.25
ελεημοσυν,-0.75
ελ,-0.75
ελεφαντ,-0.25
ελε,-0.5
ελιτ,-0.25
εμετολογι,-1.0
εμετ,-1.0
εμπαθει,-1.0
εμπιστοσυν,1.0
εμπνε,0.5
εμποτιζ,0.5
εμφορ,0.5
εμφυς,0.5
εναργει,0.75
ενδοστρεφει,-0.75
ενθουσιασμ,1.0
ενθυλακων,-0.75
ενιοτ,-0.25
ενοχ,-1.0
ενοχλημ,-1.0
ενοχλης,-1.0
ενοχλ,-1.0
ενσπειρ,-0.5
ενσταλαζ,0.0
ενσυναισθημ,0.5
εντας,-1.0
εντυπως,0.0
εξαλειψ,-0.5
εξαργυρων,-0.5
εξαρς,-0.5
εξαρτης,-0.75
εξαψ,-0.25
εξεταζ,0.0
εξηνταβελον,-1.0
εξουθενων,-1.0
εξυπνακι,-0.75
εξυπνακιστικ,-1.0
εξυπν,0.25
εξυπνουλ,-0.5
εξυπνουλικ,-0.5
εξυπνουτσικος,-0.5
εξω,-0.25
εξωστρεφει,0.5
εξωτερικευς,0.5
εξωτερικευ,0.5
επαγγελματι,0.5
επηρεαζ,-0.5
επιβητορ,-0.5
επιγνως,0.5
επιδρομε,-0.5
επιδρ,0.0
επιθετικοτητ,-1.0
επιθυμ,1.0
επικαλ,0.0
επικοινων,0.5
επιλεκτικ,0.25
επισκεπτ,0.0
επισκεψ,0.0
επιφωνημ,0.0
εποχουμεν,-0.5
εραστ,-0.5
εργατοπατερ,-1.0
ερεθισμ,-0.375
ερημ,-1.0
εριφ,-1.0
ερμ,-1.0
ερπε,-0.25
ερχ,0.0
ερωτ,0.375
ερωτευ,1.0
εσωστρεφει,-0.75
ετεροκλητ,-0.75
ετοιματζιδικ,-0.75
ευαισθησι,-0.25
ευαισθητοποι,1.0
ευαρεσκει,1.0
ευαρεστ,1.0
ευγενει,0.75
ευγεν,0.5
ευγνωμον,0.75
ευδοκιμ,0.25
ευδοκ,0.5
ευεξι,1.0
ευκαιριακ,-0.5
ευκολι,-0.25
ευκολ,0.0
ευλογ,0.75
ευνουχιζ,-1.0
ευνουχισμ,-1.0
ευνουχ,-1.0
ευοσμι,1.0
ευοσμ,1.0
ευσημ,0.75
ευσπλαχνιζ,0.5
ευτραπελ,-0.75
ευφορι,1.0
ευφροσυν,1.0
ευφυι,0.5
ευφωνι,1.0
ευχαρ,0.25
ευχαριστης,1.0
ευχαριστ,0.75
ευωδι,1.0
εφετζιδικ,-0.5
εφευρετικ,0.75
εφιαλτ,-1.0
εχθρευ,-1.0
εχθροτητ,-1.0
εχ,0.0
ζαλαδ,-1.0
ζαλ,-0.75
ζεματω,-0.75
ζερβοκουταλ,-0.5
ζεσταιν,0.25
ζηλευ,-0.75
ζηλι,-0.75
ζηλ,-0.75
ζ,-0.5
ζουδ,-1.0
ζουμ,-0.5
ζουμπ,-0.75
ζουρλ,-0.5
ζων,-0.75
ζω,-1.0
ζωοφιλι,0.75
ηδονιζ,0.0
ηθικ,0.75
ησυχι,0.5
θαλπ,0.75
θαλπωρ,1.0
θαμπων,-0.25
θαυμαζ,1.0
θαυμασμ,1.0
θαυμαστ,1.0
θαυματουργ,1.0
θεαμ,0.5
θεατριζ,-0.5
θει,-0.875
θειτς,-1.0
θελ,0.25
θεματολογι,0.0
θ,0.25
θεους,-1.0
θεραπ,-0.5
θεριζ,-0.5
θερι,0.25
θερμοτητ,0.25
θε,-0.25
θεωρητικολογι,-0.75
θεωρητικολογ,-0.75
θηλυκ,-0.5
θηριακ,0.5
θηρι,-0.75
θλιβω,-1.0
θλιψ,-1.0
θορυβ,-1.0
θρασιμι,-1.0
θριλερ,-1.0
θυμης,0.25
θυμικ,-0.75
θυμων,-1.0
ιδεοληψι,-0.5
ιδιοτελει,-0.75
ιδ,-0.5
ιερατει,-0.5
ιερογλυφικ,-0.5
ικανοποιης,1.0
ικανος,0.75
ιλιγγος,-1.0
ιμπρεσιονισμ,0.0
ινστρουχτορ,-0.75
ιντελιγκεντσι,-0.75
ιπποποταμ,-1.0
ισοβι,-0.5
ισοβιως,-0.5
ισορροπι,0.5
καβαλ,-0.625
καβαλικευ,-0.5
καθαρς,1.0
καθηγητιλικ,-0.5
καθηκοντολογι,-0.5
καθησυχαζ,0.75
καθοδηγητ,-0.5
καθοριζ,0.0
καθοτ,0.0
καθωσπρεπ,-0.25
και,-0.5
κακαριζ,-0.5
κακοσμι,-0.75
κακουχι,-0.75
καλαμοκαν,-1.0
καλαμοποδαρ,-1.0
καλαμπαλικ,-0.75
καλημερουδι,0.75
καληνυχτουδι,0.75
καλησπερουδι,0.75
καλλιποπ,0.0
καλλον,1.0
καλλ,0.75
καλ,0.8125
καλογερευ,-0.5
καλογερ,-0.5
καλοκαιρακ,0.75
καλομαθαιν,-0.75
καλοπερασακι,-0.5
καλοπερν,0.0
καλυβακ,0.0
καλυβι,-0.25
καμακ,-0.5
καμακων,-0.5
καμαρ,0.5
καμαριλ,-1.0
καμαρων,1.0
καμηλ,-1.0
καμπαρετζ,-1.0
καναγι,-1.0
καν,-0.25
κανιβαλ,-1.0
κανονιερ,-0.5
κανονιζ,-0.5
καουρ,-0.75
καπελαδουρ,-0.75
καπελιν,-0.25
καπνικαρε,-1.0
καποι,0.0
καπου,0.0
καπουλ,-0.5
καπως,-0.5
καρ,-0.25
καραβαν,-1.0
καραβανσαραι,-0.75
καραβανσερα,-0.75
καραβοσκυλ,-0.5
καραγιαπι,-0.75
καραγκιοζακ,-1.0
καραγκιοζ,-1.0
καραγκιοζικ,-1.0
καραγκιοζιλιδικ,-1.0
καραγκιοζλιδικ,-1.0
καρακαηδον,-1.0
καρακαξ,-1.0
καραμπογι,-0.75
καραπουταν,-1.0
καραφλ,-0.8125
καρβουνιαρ,-0.5
καργ,-0.75
καργι,-1.0
καρδι,0.0
καρδιοχτυπ,-0.25
καρδουλ,1.0
καρεκλ,-0.25
καρεκλακ,0.0
καρεκλιτς,0.0
καρεκλοκενταυρ,-0.75
καριεριστ,-0.75
καριολ,-0.75
καρκαλετς,-1.0
καρκινιαρ,-1.0
καρκινοφοβι,-0.75
καρο,-0.5
καροδρομ,-0.75
καρπαζοεισπρακτορ,-1.0
καρπαζοεισπραχτορ,-1.0
καρπουζοκεφαλ,-0.75
καρφωμ,-0.75
καρφων,-0.75
καστ,-0.75
καταβοθρ,-0.75
καταδικ,-0.5
καταθες,0.0
κατακαι,-0.75
κατακαρδ,-0.75
κατακρεουργ,-1.0
κατακτης,-0.25
κατακτ,-0.25
κατακυριευ,-0.25
καταλαβαιν,0.25
καταλαμβαν,-0.5
κατανυξ,1.0
καταξοδευ,-0.75
καταπιν,-0.5
καταπνιγ,-0.5
καταπνιξ,-0.5
καταπραυνς,0.75
κατασβην,-0.5
κατασιγαζ,-0.25
κατασκευαζ,0.25
κατασκευασμ,-0.5
κατασκευ,0.0
κατασκοπ,-0.5
κατασταλαζ,0.25
καταστιχ,-0.75
κατατρομαζ,-1.0
καταυποχρεων,-0.5
καταφερν,0.75
καταψυξ,-0.25
κατεβαζ,0.0
κατεργαρ,-0.75
κατευναζ,0.75
κατεχ,-0.25
κατ,0.0
κατιν,-1.0
κατοικοεδρευ,-0.25
κατορθωμ,0.0
κατουρλιαρ,-1.0
κατουρ,-0.75
κατρουλιαρ,-1.0
κατσικοκλεφτ,-1.0
κατωτεροτητ,-0.75
κατωφλι,-0.25
καυλ,0.25
καυλιαρ,-0.25
καυλιτζεκι,-0.5
καυλιτσεκι,-0.5
καυλων,0.25
καυς,-0.5
καφενοβι,-0.5
καψιμ,-0.75
κειμηλι,0.75
κεκ,-0.5
κεκρακτ,-0.75
κεκραχτ,-0.5
κελεπουρ,0.25
κεν,-0.5
κεντριζ,0.5
κεντ,0.0
κερασοφορ,-0.25
κερατ,-0.625
κερδιζ,1.0
κεφαλ,0.0
κεχαγι,-0.75
κηδεμονευ,-0.75
κηδεμονι,-0.75
κιμωλι,-0.25
κιναιδ,-1.0
κιναισθησι,0.0
κιν,0.25
κιτρινιαρ,-0.75
κλαι,-1.0
κλανιαρ,-1.0
κλανω,-0.75
κλαπατς,-0.75
κλασικ,0.0
κλασιμ,-1.0
κλειν,0.0
κλεφτακ,-1.0
κλεφταρ,-1.0
κλεφτ,-1.0
κλεφτρακ,-1.0
κλεφτρ,-1.0
κλικ,-1.0
κλινικ,-0.625
κλοτσοπατιναδ,-0.75
κλωτσοπατιναδ,-0.75
κνωδαλ,-1.0
κοβω,-0.25
κοιλαρ,-1.0
κοιναισθησι,0.0
κοινοτητ,0.5
κοκαλιαρ,-0.75
κοκιτ,-0.5
κοκκινιζ,-0.25
κοκον,0.0
κοκορομαχι,-0.75
κολακευ,0.0
κολεγι,-0.5
κολλ,-0.75
κολομπαρ,-1.0
κολουμπρ,-0.75
κομ,-0.5
κομμαρ,-0.5
κομματοσκυλ,-1.0
κομμουν,-0.875
κομμουνιστοσυμμοριτ,-1.0
κομπανι,-0.25
κομπλεξ,-1.0
κομπογιαννιτ,-1.0
κονδυλοφορ,-0.75
κοντοβρακ,-0.75
κοπαδ,-1.0
κοπρ,-0.75
κοπρολογ,-0.75
κοπροσκυλ,-1.0
κορακ,-0.75
κορδων,-0.5
κορεννυ,-0.5
κορεσμ,-0.25
κορμακ,0.5
κορμαρ,1.0
κορμ,0.75
κορτακι,-0.75
κοσμακ,-0.75
κουδουν,-0.25
κουιντετ,-0.25
κουκι,-0.25
κουκουλωμ,-0.5
κουκουλων,-0.5
κουλ,-0.5
κουλοχερ,-0.5
κουλτουριαρ,-0.5
κουμας,-1.0
κουμμουν,-1.0
κουνιστ,-1.0
κουραδ,-1.0
κουραζ,-1.0
κουραμπι,-0.75
κουρας,-1.0
κουρκουτιαζ,-1.0
κουστωδι,-1.0
κουταμαρ,-0.75
κουτσαμαρ,-1.0
κουτσουρ,-0.75
κουφοβραζ,-0.5
κοχλαζ,-0.5
κοψιμ,-0.5
κρας,-0.5
κρασοκατανυξ,0.0
κρατ,0.0
κρεβατομουρμουρ,-1.0
κρεμ,-0.5
κρεπαρ,-1.0
κρις,-0.75
κρυαδ,-0.75
κρυβω,-0.5
κρυ,-0.9375
κρυφοκαμαρων,1.0
κρυων,-1.0
κτην,-1.0
κυβερνητ,-0.25
κυκλωμ,-0.75
κυμ,0.0
κυνικ,-0.75
κυρατς,-1.0
κυριαρχι,-0.25
κυριαρχ,-0.25
κυριευ,-0.5
κυρουλ,0.25
κωλοβαρα,-0.75
κωλογλειφτ,-1.0
κωλογλειφ,-1.0
κωλοδαχτυλ,-1.0
κωλομερι,-0.75
κωλοτρυπιδ,-0.5
κωλοχανει,-1.0
κωλοχαρτ,-0.75
λαβρ,-0.5
λαλ,-0.25
λαμποκοπ,0.75
λαμπ,0.75
λαμψ,0.75
λαουτζικ,-0.5
λαπ,-1.0
λασπ,-1.0
λαχτ,0.25
λειπ,-0.25
λειτουργημ,0.5
λεπταισθησι,0.75
λε,0.25
λησμονι,-0.75
λησμον,-0.75
λιγουρ,-0.625
λιγουρευ,-0.25
λιγων,-0.75
λιλ,-0.5
λιμαρ,-1.0
λιμαρικ,-1.0
λιμπιζ,0.75
λογακ,-0.5
λογοκρατ,-0.5
λογ,-0.5
λογυδρι,-0.75
λοιπον,0.0
λορδ,-0.5
λουλουδακ,0.25
λουλουδ,0.0
λυν,0.0
λυπ,-1.0
λυπης,-1.0
λυπω,-1.0
λυρισμ,0.0
λωποδυτ,-0.75
μαγαζ,-0.25
μαγαρ,-1.0
μαγκουφ,-1.0
μαγκων,-0.75
μαθ,-0.5
μαθημ,0.0
μαθηματακ,-0.5
μαθητοπατερ,-0.75
μαθητουδ,-0.5
μαιδαν,-1.0
μαιμουδιαρ,-1.0
μαινταν,-1.0
μακαρι,-0.25
μακαριτικ,-0.75
μακαριως,-0.5
μακαρον,-0.5
μαλακ,-0.75
μαλακισμεν,-0.75
μαλακιστηρ,-0.75
μαλαμ,0.75
μαλλιαρισμ,-0.75
μαλλιαρ,-0.5
μαλλι,-0.5
μαμμων,-1.0
μαμοθρεφτ,-1.0
μαμουνιαρ,-0.75
μανδαριν,-1.0
μανι,-0.5
μανιερισμ,-0.5
μανικ,-0.5
μαντευ,0.0
μαντ,-0.5
μαντισς,-0.5
μαντραχαλ,-0.75
μαντροσκυλ,-1.0
μαουν,-0.75
μαπ,-1.0
μαρμαρων,-0.75
μασκαρ,-0.5
μασονι,-0.75
μασον,-0.75
μασταρ,-0.75
μαστρ,0.0
μαστροχαλαστ,-1.0
ματακι,-1.0
μαυροτσουκαλ,-1.0
μαυροφορους,-0.5
μαφι,-0.75
μαφιοζικ,-0.75
μαφιοζ,-0.75
μεγαλοσχημ,-0.5
μεγαλουσιαν,-1.0
μεδουλ,-0.25
μεθ,0.5
μεθοκοπ,-0.75
μεθυστακ,-1.0
μειγμ,0.0
μει,-0.5
μειονεκτικοτητ,-1.0
μελαγχολι,-1.0
μελ,-0.75
μελοδραματισμ,-0.75
μεξιοβαρβαρ,-0.25
μερακ,1.0
μερακλων,1.0
μεταμελ,-0.75
μετανο,-0.75
μετεικασμ,0.0
μετρ,0.0
μικροαστ,-0.75
μικρομεγαλ,-0.75
μικροτητ,-0.75
μιλ,0.0
μισθοφορ,-0.5
μις,-1.0
μνημει,0.25
μνημειωδ,0.25
μνησικακι,-1.0
μνησικακ,-1.0
μοιραζ,0.0
μομολ,-1.0
μοναζ,-0.5
μοναξι,-0.75
μοναρχοφασιστ,-1.0
μονιμ,-1.0
μορμολυκει,-1.0
μορφασμ,-0.75
μουδιαζ,-0.75
μουλαρ,-1.0
μουλικ,-1.0
μουλ,-1.0
μουν,-0.5
μουνοπαν,-0.75
μουνοψειρ,-1.0
μουργ,-0.75
μουρ,-0.25
μουσικαντ,-0.75
μουσμουλ,-0.75
μουστογρι,-1.0
μουτρ,-0.25
μουτρων,-1.0
μοφρονι,-0.5
μπ,-0.5
μπαγασακ,0.0
μπαγας,0.0
μπαγασικ,-0.25
μπαγκατελ,-1.0
μπαζ,-0.5
μπαιλντιζ,-0.75
μπαινακ,-0.75
μπακαλοτεφτερ,-1.0
μπακαλοχαρτ,-1.0
μπακατελ,-1.0
μπαλαντερ,-0.25
μπαλαντζ,-1.0
μπαμι,-1.0
μπαμπαλ,-1.0
μπαμπογερ,-1.0
μπαμπογρι,-1.0
μπαμπω,-1.0
μπανακ,0.75
μπανανι,-0.75
μπασκιν,-1.0
μπασκλ,-1.0
μπασκλασαρι,-1.0
μπασταρδικ,-0.75
μπασταρδ,-0.75
μπαστουνοβλαχ,-0.75
μπατσαρι,-1.0
μπατσικ,-1.0
μπατσιν,-1.0
μπατς,-0.75
μπαφιαζ,-1.0
μπεκρ,-1.0
μπεκροκανατ,-1.0
μπεκρολογ,-0.75
μπεκροπιν,-1.0
μπεκρουλιαζ,-1.0
μπεκρουλιακ,-1.0
μπερδευ,0.0
μπλαζ,-0.75
μπλοκαρ,-0.75
μπουλ,-1.0
μπουμπουκακ,0.75
μπουμπουκι,0.5
μπουντρουμ,-0.75
μπουρδελιαρ,-1.0
μπουρδελ,-0.75
μπουρζουαζι,-1.0
μπουρζου,-1.0
μπουρτζοβλαχ,-1.0
μπουχτιζ,-1.0
μπραβο,0.5
μπραβ,-0.75
μυξοκλαι,-0.75
μυριακριβ,0.75
μυρμηγκιαζ,0.0
μυρωδι,0.0
μυστικοσυμβουλ,-0.5
μωρ,-0.75
να,-0.25
ναρκως,-0.5
ναυτι,-1.0
ναυτοπουλ,-0.5
νεκροκεφαλ,-0.5
νεκρων,-0.75
νεκρως,-0.5
νεροκουβαλητ,-0.75
νεροπλυμ,-1.0
νεροχυτ,-0.25
νεφρ,0.0
νιανιαρο,-0.75
νιαουριζ,-1.0
νιαουρισμ,-1.0
νια,0.25
νιωθ,0.0
νοης,0.0
νοησιαρχι,0.0
νοικοκυριστικ,0.0
νοσταλγ,-0.75
νοστ,0.0
νουλ,-1.0
ν,0.0
νταλκαδιαζ,0.0
νταντευω,-0.75
ντελιρι,-0.25
ντενεκ,-1.0
ντερλικωνω,-0.5
ντιλεταντ,-1.0
ντορ,-0.25
ντουετ,-0.25
ντουλαπ,-0.75
ντρεπ,-1.0
ντροπ,-1.0
νυκτωδι,-0.5
νυμφιδι,-0.75
νυμφι,-0.5
νυμφοπαζαρ,-0.75
νυσταζ,-0.75
νυσταλ,-0.75
νυφοπαζαρο,-0.75
ξαναγενν,0.5
ξαναμμ,-0.25
ξανανιωθω,0.5
ξεβγαζω,0.25
ξεγελ,-0.5
ξεθυμαιν,0.0
ξεκουραζ,0.75
ξενιζ,-0.75
ξενοκινητ,-0.75
ξεπατικοτουρ,-0.75
ξεπατικωνω,-0.75
ξεπατικωτουρ,-0.75
ξεπλεν,-0.75
ξερν,-1.0
ξεροκομματ,-0.75
ξερ,-0.375
ξεσκιζ,-0.5
ξεσπ,-0.75
ξετρελαιν,1.0
ξεφτιλ,-1.0
ξεφτιλιζ,-0.25
ξεφτιλις,-1.0
ξεχειλιζ,-0.75
ξεχν,-0.5
ξινιζ,-1.0
ξοαν,-1.0
ξυλιαζ,-0.75
ξυλοποδαρ,-0.75
ξυν,-0.5
ξυπνω,-0.5
οθωμανικ,-0.5
οικονομιστικ,-0.5
οικοπεδοφαγος,-0.75
οικτιρ,-1.0
οικτ,-1.0
οιστρηλατω,0.5
οιστρ,1.0
ολκ,0.0
ολονυκτι,-0.5
ολονυχτι,-0.5
ομονοι,0.75
ομορφονι,-0.25
ομως,0.0
ονειρ,0.5
ονειρωξ,0.0
οπ,0.0
οπαδ,-0.5
οπερετ,-0.5
οπλισμ,0.0
οποι,0.0
ορας,0.0
ορδ,-0.25
ορεξατ,1.0
ορθολογισμ,0.5
ορνι,-1.0
ορφανευω,-0.75
ορφαν,-0.75
οσκαρ,0.5
οσμ,0.0
οσφρης,0.5
οσφυοκαμπτ,-1.0
ουνν,-0.75
ουρακοταγκ,-1.0
ουρανι,0.75
ουχ,-0.5
οφικι,-0.75
οχετ,-1.0
οχι,-0.5
οχλ,-0.75
οχ,-0.75
παγων,-0.75
παζαρ,-0.5
παθαιν,-0.75
παθιαζ,0.0
παθολογι,0.0
παθ,-0.25
παιγνιδακ,-0.25
παιγνιδ,0.0
παιδαριωδ,-1.0
παιδ,-0.25
παιδικ,-0.5
παιζ,0.25
παιχνιδακ,0.0
παιχνιδ,0.5
παλαβιαρ,-0.5
παλαβρ,-0.5
παλαιοημερολογιτ,-0.5
παλαιοημερολογιτικ,-0.5
παλαιοντολογικ,-0.5
παλαντζ,-1.0
παλικαρ,0.5
παλικαρι,1.0
παλιοπαρε,0.5
παλιοχαρτ,-1.0
παλληκαρ,0.25
παλληκαρι,0.75
παλλ,0.0
παμφαγος,0.5
παναγι,0.25
πανεμορφ,1.0
πανεπιστημ,-0.5
πανηγυρ,-0.5
πανηγυριζ,1.0
πανηγυρισμ,1.0
πανηγυριτζ,-1.0
πανηγυριωτικ,-0.25
πανηγυρτζ,-1.0
πανθε,0.75
παν,-0.5
πανικ,-1.0
παντογνωστ,-0.75
παντογνωστρι,-0.75
παπαδαρι,-0.75
παραγοντιζ,-0.5
παραγ,0.0
παραγωγ,0.0
παραθεριζ,0.25
παραθερισμ,0.25
παραισθης,-0.75
παραιτ,-0.5
παρακεντ,-1.0
παρακρους,-0.75
παραπον,-1.0
παραστας,-0.25
παρατ,-1.0
παραφερ,-0.75
παραφορ,0.1875
παρε,0.5
παρεξηγης,-0.5
παρορμης,-0.5
παρουσιας,0.0
παρταλ,-1.0
παρτσακλ,-1.0
πασαλειβω,-0.5
πασαλειφ,-0.5
πασπαρτ,-0.5
παστρικ,-0.5
παστωμ,-0.5
πασχ,-0.75
πατατ,-1.0
πατεντ,0.25
πατεντατ,0.25
πατερ,0.125
πατερουλ,1.0
πατσαβουρ,-1.0
παχυδερμι,-1.0
παχυδερμισμ,-0.75
πεζοδρομι,-0.75
πεθαμενατζ,-0.75
πεθαμενατζιδικο,-0.75
πειν,-1.0
πειναλ,-0.875
πειραζ,-0.75
πεκουνι,-0.5
πενθ,-1.0
πενταμορφ,1.0
πεποιθης,0.25
περδικουλ,0.25
περδ,-0.75
περιβαλλ,0.5
περιγραφ,0.25
περικαλ,0.0
περιοδ,0.0
περιποι,0.5
περισπουδαστ,-0.75
περιττολογι,-0.75
περιφρονης,-0.75
πεσκες,-0.25
πετρων,-0.75
πετς,-0.5
πηζ,-1.0
πηξιμ,-1.0
πιανω,0.0
πιατικ,-0.5
πιες,-0.75
πικ,-1.0
πικρ,-1.0
πικραιν,-1.0
πικρι,-1.0
πικριζ,-0.75
πικρισμ,-0.75
πιπ,-0.75
πλακ,-0.25
πλακωμ,-1.0
πλακων,-1.0
πλακως,-1.0
πλανταζ,-1.0
πλεμπ,-1.0
πλημμυριζ,0.0
πληξ,-1.0
πληττ,-1.0
πνιγ,-0.75
ποδ,0.0
ποδοσφαιροποιης,-0.75
ποθω,1.0
ποιης,0.25
ποιον,-0.25
ποιοτητ,0.25
πολιτικαντ,-1.0
πολιτικαντικ,-1.0
πολιτικαντισμ,-1.0
πολυξερ,-0.5
πονα,-1.0
πονοκεφαλιαζ,-1.0
πον,-1.0
ποντικοκουραδ,-0.75
πορνογραφι,-0.75
πουσταρ,-1.0
πουσταρι,-0.75
πουστ,-0.75
πουτσαρ,-0.5
πουτς,-0.5
πραγματικοτητ,0.0
πραγματισμ,0.25
πραγματιστ,0.0
πραιτοριαν,-0.5
πρακτορει,-0.25
πρακτορευς,-0.5
πρακτορευω,-0.5
προαιρες,0.5
προαισθαν,-0.25
προαισθημ,-0.25
προαισθης,-0.25
προβλεπ,0.25
προβλεψ,0.25
προβολ,0.25
προελευς,0.25
προκοβ,0.25
προκομμεν,0.5
προκοπ,0.5
προμαντεμ,-0.25
προμαντευ,-0.25
προμηνυμ,-0.25
προσευχ,0.25
προσηλυτ,-0.5
προσκυνημ,-0.25
προσκυν,0.0
προσοψ,-0.25
προσπαθ,0.25
προσποιης,-0.5
προστατευ,0.75
προστατ,0.25
προστατιδ,0.25
προστατις,0.25
προστατρι,0.25
προσυμφων,-0.5
προσφερ,0.5
προσωπει,-0.5
προσωπιδ,-0.5
προφεσορ,-0.75
προφητ,-0.5
προφητισς,-0.5
προχειρ,-0.75
πρωην,-0.25
πρωτακ,-0.25
πρωτοπαλικαρο,0.5
πυρ,0.5
πυργοδεσποιν,-0.75
πυργοδεσποτ,-0.75
πυρετ,-0.5
πυρπολ,-0.5
πυρων,-0.5
πυρως,-0.25
πωρωνω,-0.25
πωρως,0.25
πως,0.0
ραβασακ,-0.25
ραγιαδισμ,-0.75
ραγι,-0.75
ραγιζ,-0.75
ραλιστ,-0.5
ραμολ,-0.875
ραμολιμεντ,-1.0
ρεβεραντζ,-0.5
ρεμπεσκ,-1.0
ρεταλακ,-0.5
ρεταλ,-0.75
ρετσετ,-0.75
ρημαδ,-1.0
ρητορει,-0.25
ριγ,-0.75
ρομαντζ,0.5
ρομαντισμ,1.0
ροτ,0.25
ρουφηχτρ,-0.5
ρουφιαν,-1.0
ρωμαιικ,0.25
ρωμι,0.5
ρωμιοσυν,0.75
σαβουρ,-1.0
σαδισμ,-0.75
σαδιστ,-0.75
σαινι,0.5
σακατιλικ,-0.75
σακατισς,-0.75
σαλιαριζ,-1.0
σαλιαρισμ,-1.0
σαμιαμιδ,-0.75
σαμιαμιθ,-0.75
σαντεζ,-1.0
σαπουνοπερ,-1.0
σαραβαλ,-1.0
σαρκ,-0.5
σαρκι,-0.5
σαρξ,-0.5
σαστιζ,-1.0
σβιγκ,-0.5
σεβασμ,1.0
σεβ,1.0
σεμνυν,1.0
σερν,-0.75
σημερα,0.0
σιγουρι,0.5
σιγ,-0.75
σιλικονατ,-1.0
σιναφ,-1.0
σιροπιαζ,-0.5
σιτεμεν,-0.75
σιτευ,-0.5
σιχαιν,-0.5
σιχαμαρ,-0.5
σιχασι,-0.5
σιωπ,-0.625
σκανδαλιζ,-1.0
σκασμ,-1.0
σκατ,-0.875
σκατακι,-0.75
σκατενι,-1.0
σκατιλ,-1.0
σκατογερ,-1.0
σκατογρι,-1.0
σκατοδουλει,-1.0
σκατολογ,-0.75
σκατουλ,-0.625
σκατουλακ,-0.5
σκατουλιτς,-0.5
σκατων,-0.75
σκα,-1.0
σκελετ,-0.5
σκιρτημ,1.0
σκιρτ,1.0
σκλαβι,-1.0
σκλαβ,-1.0
σκλαβων,0.0
σκοτιζ,-1.0
σκουριαζ,-0.75
σκυλαραπ,-1.0
σκυλ,-0.375
σκυλολ,-1.0
σκυλομουρ,-1.0
σμπαραλιαζ,-1.0
σ,-0.5
σοκαρ,-1.0
σουαρε,-0.5
σουβλι,-0.75
σουλιμ,-0.75
σουρεαλ,-0.5
σουρεαλιστικ,-0.5
σουτ,-0.5
σουταρ,-0.75
σουφραζετ,-1.0
σοφι,0.5
σοφολογιοτατ,0.5
σπαραζ,-1.0
σπαραξικαρδι,-1.0
σπιτ,0.5
σπιτων,-0.75
σπλαχνικ,1.0
σπλαχν,0.75
σπουδαιολογημ,-0.75
σπουδαιολογι,-0.75
σπουδαι,0.75
σταλαζ,0.0
σταχτοπουτ,-0.75
στεγν,-0.5
στεγνων,-0.5
στεκ,-0.75
στενοχωρι,-0.5
στενοχωρ,-0.5
στερεοσκοπι,0.0
στερεοτυπ,-0.5
στερεοφωνι,0.0
στερης,-0.75
στερι,0.25
στερω,-0.75
στηθοκοπ,-1.0
στιλακ,0.0
στιλιζαρισμ,-0.75
στιλιζαρ,-0.75
στιφ,-0.5
στολιδ,1.0
στομαχ,-0.5
στομωμ,-0.5
στοργ,1.0
στουμπ,-0.75
στουμπων,-0.75
στουπ,-0.5
στουρναρ,-1.0
στουρν,-1.0
στραβαδ,-1.0
στραβοκαν,-1.0
στραβοκατινιαζ,-0.75
στραβ,-0.75
στραβουλιακ,-1.0
στραβωμαρ,-1.0
στραγγαλιζ,-0.75
στρατιωτακ,-0.75
στρατιωτ,-0.5
στρατιωτιν,-0.5
στρατολογι,-0.5
στρατ,-0.5
στρογγυλοκαθ,-0.5
συγγεν,0.5
συγκινης,0.5
συγκιν,0.5
συγκρυ,-1.0
συγχωρ,0.75
συλλυπ,-1.0
συμβαιν,0.0
συμβι,-0.5
συμβολισμ,0.5
συμμεριζ,0.75
συμμετεχ,0.5
συμμετοχ,0.5
συμμοριτ,-0.75
συμμοριτισς,-0.75
συμμοριτοπολεμ,-0.75
συμπαθει,1.0
συμπαθητικ,1.0
συμπαθ,1.0
συμπασχ,0.25
συμπλεγμ,-0.75
συμπονι,0.25
συμπονω,0.25
συμπραξ,0.5
συμπτωμ,-0.5
συναγωνιζ,0.5
συναισθαν,0.5
συναισθημ,0.5
συναισθηματικοτητ,0.5
συναισθηματισμ,0.5
συναισθης,0.5
συναισθησι,0.5
συναιτερ,0.0
συνδεσμ,0.75
συνδε,0.5
συνειδης,0.75
συνειρμ,-0.5
συνεπαιρν,1.0
συνεταιρακ,0.75
συνεταιρ,0.0
συνθημ,0.25
συννεφ,-1.0
συνοδει,0.0
συνοδοιπορ,0.5
συνοικεσι,-0.5
συνομοταξι,-0.5
συνταγ,-0.5
συνταξιουχ,-0.5
συντεχνι,-0.5
συντεχνιακ,-0.5
συντηρητικ,-0.5
συντροφευ,1.0
συντροφ,0.0
συντροφισς,-0.25
συρφετ,-0.75
συστελλ,-0.75
συστηματικ,0.5
σφιγγ,-0.75
σφιξιμ,-1.0
σφοδρ,0.0
σφουγγαροπανο,-0.75
σφυριζ,-0.25
σφυροκοπ,-0.5
σχηματικ,0.0
σχηματοποι,0.0
σχολαστικ,-0.25
σωσιβι,0.75
ταβερνει,-0.5
ταβερνοβι,-0.75
ταδοπουλ,-0.75
ταλεντ,0.75
ταμ,0.25
ταξ,0.75
ταξιδακ,0.75
ταξιδ,0.25
ταρατατζουμ,-0.5
ταριφ,-0.625
τας,0.0
ταυτιζ,0.0
ταυτις,0.0
τελει,0.75
τεμπελοσκυλ,-1.0
τενεκ,-0.75
τερμιν,-0.5
τερψ,1.0
τερψιλαρυγγι,-0.5
τετοι,-0.5
τεφτερ,-0.5
τεχνηεντως,-0.5
τεχνοκρατ,-0.5
τζιτζιφιογκ,-1.0
τζοβαιρ,1.0
τζοβεν,-0.5
τηλεγραφοξυλ,-0.75
τιτιζ,-0.75
τομαρ,-0.75
τον,0.0
τοποτηρητ,-0.5
τουβουλ,-0.75
τουρκαλ,-1.0
τουρκι,-1.0
τουρκομεριτ,-1.0
τουρκομπαροκ,-0.5
τουρκοσπορ,-1.0
τουρλων,-0.5
τραβηγμ,-0.5
τραβ,-0.25
τραγογεν,-0.75
τραγοπαπ,-0.75
τραγ,-0.75
τραλαλ,-0.5
τραμπακουλ,-0.75
τρελαδικ,-0.75
τρελογιατρ,-0.5
τρεφ,0.25
τριο,-0.75
τριτοκοσμικ,-1.0
τριχ,-0.75
τριχοτομης,-0.25
τρομαζ,-1.0
τρυγον,0.875
τρυγονακι,1.0
τρυπ,-0.625
τρυφεροτητ,1.0
τσαγκαροδευτερ,-1.0
τσακιδι,-1.0
τσακιζ,-1.0
τσαρλαταν,-0.75
τσιγγαναρι,-1.0
τσιγγαν,-0.75
τσιμεντουπολ,-0.75
τσιμπουκι,-0.5
τσιρακ,-1.0
τσομπαν,-0.75
τσοπαν,-0.75
τσουλουφι,-0.5
τσουρμ,-0.5
τσουτσεκι,-1.0
τυπικουρ,-0.75
τυπολατρ,-0.75
τυποποιης,-0.5
τυρογαλ,-1.0
τυφλ,-0.5
τυφλοσουρτ,-0.75
τυφλων,-0.5
τυχερακι,0.75
τυχερ,0.5
τυχερουλ,0.75
τυψ,-1.0
υβρ,-1.0
υμν,1.0
υπανδρ,-0.75
υπανθρωπ,-0.75
υπερηφανει,0.75
υπερηφανευ,0.75
υπεροχ,0.75
υπευθυνοτητ,0.75
υπνηλι,-0.75
υποβαθρ,0.5
υποβαλλ,0.0
υποδεχ,0.25
υποκειμεν,-0.5
υποκριν,-0.75
υποκριτ,-0.75
υπονοουμεν,-0.25
υποστας,0.0
υποφερω,-0.75
υποχρεων,-0.5
υποχρεως,-0.5
υποχωρ,-0.5
υστερι,-1.0
φαγουριζ,0.0
φαιν,0.0
φακιδιαρ,-1.0
φανταζω,0.5
φαρ,-1.0
φαρμακοτριφτ,-1.0
φασισταρι,-1.0
φασιστοειδ,-0.75
φασιστομουτρ,-1.0
φερεφων,-0.75
φθον,-1.0
φθονω,-1.0
φιδ,-1.0
φιεστ,0.0
φιλανθρωπι,0.5
φιλι,1.0
φιλμ,0.0
φιλοδωρ,0.0
φιλολογιζ,-0.75
φιλοξεν,0.5
φιλοπατρι,1.0
φιλοτομαρισμ,-0.75
φιλοτομαριστ,-0.75
φιογκ,-1.0
φλεγμ,-0.5
φλεγ,-0.5
φλογιζ,-0.5
φλογισμ,-0.5
φοβα,-1.0
φοβ,-1.0
φοιτηταρι,-1.0
φοιτητοπατερ,-1.0
φοραδ,-1.0
φορτιζ,-0.5
φορτι,-0.5
φορτις,-0.5
φουκαρ,-1.0
φουκαρατζικ,-1.0
φουντως,-0.5
φουσκοδεντρι,-0.75
φουσκωμαρ,-0.5
φουστανελ,-0.5
φραγκοπαπ,-1.0
φρεναπατ,-0.75
φρενιτιδ,-0.25
φρεσκαδ,1.0
φρικ,-1.0
φρικιαζ,-1.0
φριττ,-1.0
φροκαλ,-1.0
φρονημ,0.25
φρουτ,-0.75
φτ,-0.75
φτωχαδακ,-0.25
φτωχος,-0.75
φυλλαδ,-0.75
φωκι,-1.0
φωλιαζ,-0.25
φων,0.0
φωστηρ,-0.25
φωτιζ,0.25
φωτορομαντς,-0.5
χαδ,1.0
χαζοβιολ,-0.75
χαζοκουτι,-0.75
χαζοπουλι,-0.75
χαζουλιακ,-0.75
χαζοχαρ,-0.75
χαιμαλ,-0.75
χαιρεκακι,-0.5
χαιρετημ,-0.75
χαιρετισμ,-0.625
χαιρετουρ,-0.75
χαιρ,1.0
χαιτ,-0.25
χαλαζ,-0.5
χαλι,-1.0
χαμαλ,-0.75
χαμηλοβλεπους,-1.0
χαμογελ,1.0
χαμομηλι,-0.25
χαμομηλ,-0.25
χαμουτζ,-1.0
χανι,-0.75
χαντουμ,-1.0
χαπακι,-1.0
χαπ,0.75
χαρ,1.0
χαρβαλ,-1.0
χαρεμι,-0.5
χαριζ,0.75
χαριτοβρυτ,-0.5
χαρμολυπ,0.0
χαρτ,-0.5
χαρτοβαασιλει,-0.75
χαρτοβασιλει,-0.75
χαρτογιακ,-0.75
χαρτομαν,-0.75
χαρτομουτρ,-0.75
χαρτοπολεμ,-0.75
χασαπ,-0.75
χασικλ,-1.0
χαχολ,-0.75
χεζ,-0.75
χειραγωγ,-0.75
χειροκροτητ,-1.0
χιλιακριβ,1.0
χιουμορ,0.75
χοντρελ,-1.0
χοντρομπαλαδικ,-1.0
χοντρομπαλ,-1.0
χοντρομπαλουδικο,-1.0
χοντροπετς,-0.75
χορευ,0.75
χορταιν,0.75
χρησιμοποι,-0.5
χριζ,0.0
χρι,0.0
χρυσαφικ,-0.5
χρυσι,-0.75
χρυσοκανθαρ,-1.0
χρωματιζ,0.0
χτυπ,-0.75
χυδαισμ,-1.0
χυδαιστ,-1.0
χωριατακ,-0.75
χωριατ,-1.0
χωριατι,-1.0
χωριατικ,-0.5
χωριατισς,-1.0
χωριατομαν,-1.0
χωρ,0.0
ψαρ,-0.75
ψαροκασελ,-0.75
ψειρ,-0.75
ψειριαρ,-1.0
ψευδαισθης,-0.5
ψευδαισθησι,-0.5
ψευτοκουλτουριαρ,-1.0
ψηλων,0.25
ψιλικατζ,-1.0
ψιλικατζιδικ,-0.25
ψιμυθιο,-0.5
ψοφ,-0.5
ψοφολογ,-1.0
ψυλλιαζ,-0.5
ψυχακι,-0.75
ψυχανεμιζ,-0.5
ψυχανωμαλ,-0.75
ψυχεδελει,0.5
ψυχ,0.5
ψυχολογι,0.0
ψυχολογ,0.0
ψυχοπλακωμ,-1.0
ψυχοπλακων,-1.0
ψυχοπονω,-0.75
ψυχοσυνθες,0.0
ψυχροτητ,-1.0
ψωλαρ,-0.5
ψωλ,-0.5
ψωμακ,0.0
ψωμι,0.0
ψωμολυσς,-0.75
ψωναρ,-1.0
ψωνι,-1.0
ψωνισμενος,-1.0
ψωριαρ,-1.0
ψωριλ,-1.0
ψωροκακομοιρος,-1.0
ψωροπερηφαν,-1.0
ψωροφιλοτιμ,-1.0
ωραι,0.75
ωρυ,-1.0
ωσαν,-0.25
ωτακουστ,-0.5
ωχριω,-0.75
αγαπημεν,1.0
αγαπητ,1.0
αγν,0.75
αδει,-0.5
αδελφικ,0.75
αδιαλυτ,-0.5
αδιαντροπ,-1.0
αδολ,0.75
αηδ,-1.0
αισθαντικ,0.75
αισθηματικ,0.5
αισθητηρι,0.0
αισθητικ,0.75
ακαλαισθητ,-1.0
ακαλλιεργητ,-1.0
ακαρδ,-1.0
ακατασβεστ,0.0
ακορεστ,-0.5
ακουραστ,0.75
ακουστικ,0.5
ακτινοβολ,1.0
αλαλ,-0.25
αλογικ,-0.75
αλτρουιστικ,0.75
αλυπητ,-0.75
αμοιβαι,0.5
αναιδ,-1.0
αναισθητ,-1.0
αναισχυντ,-1.0
αναμεικτ,0.0
αναστατ,-0.75
αναυδ,-0.25
ανειλικριν,-0.75
ανεκδηλωτ,-0.25
ανεκφραστ,-0.5
ανελεητ,-1.0
ανεντροπιαστ,-1.0
ανευθυν,-1.0
ανθρωπιν,0.75
ανικανοποιητ,-0.5
ανοθευτ,0.5
ανοστ,-1.0
αντιαμερικανικ,-0.5
αντισημιτικ,-0.5
ανυποκριτ,0.25
ανωριμ,-1.0
ανω,0.75
αξιολατρευτ,1.0
αοριστ,-0.5
απαισι,-1.0
απανθρωπος,-1.0
απανθρωπ,-1.0
απελπισμεν,-1.0
απεριγραπτ,-0.25
απλ,0.25
απον,-1.0
απτικ,0.0
απυθ,-0.5
ασβεστ,0.0
ασεμν,-0.75
ασιγαστ,0.0
ασπροπροσωπ,1.0
αστατ,-0.75
αστοργ,-0.75
ασυγκρατητ,0.0
ασυναισθητ,-0.75
ασυνδετ,-0.5
ασφαλ,1.0
ασφυκτικ,-1.0
ασχημ,-1.0
αταραχ,-0.25
ατεγκτ,-0.75
ατρομητ,0.5
ατρομ,-0.25
αφιλανθρωπ,-0.75
αφοβ,0.25
αφων,0.0
αχαριστ,-1.0
αχορταγ,-1.0
βαθ,0.0
βαθι,0.0
βαριεστημεν,-1.0
βαρι,-0.75
γενικ,0.0
γενναιοφρ,0.75
γευστικ,1.0
γλυκερ,-0.75
γλυκι,0.5
δειλ,-0.75
δεκτ,0.0
διαισθητικ,-0.5
διακα,0.0
διατεθειμεν,0.0
διαχυτικ,1.0
δροσερ,1.0
δροσιστικ,0.75
δυνατ,0.75
εγκαρδι,1.0
εγκεφαλικ,-0.5
εθελοντικ,0.25
ειδεχθ,-1.0
ειλικριν,0.75
εκδηλωτικ,0.75
εκλεκτ,1.0
εκλιπ,-0.75
εκλιπους,-0.75
εκπληκτ,0.0
εκτεθει,-1.0
εκτεθειμεν,-1.0
εκφραστικ,0.5
εμβροντητ,-0.5
εμετικ,-1.0
εμπαθ,-1.0
εμπλ,0.5
ενδοτατ,0.0
ενθερμ,0.75
εντιμ,0.75
εντον,-0.5
εξαλλ,-0.75
επαλληλ,0.0
επεισοδιακ,-0.75
επιδερμικ,-0.5
επικτητ,0.0
επιπολαι,-0.75
επιφυλακτικ,-0.75
επωδυν,-1.0
ερωτικ,1.0
εσωψυχ,0.0
ετοιμ,0.0
ευαισθητ,0.25
ευγενικ,0.75
ευγνωμ,0.75
ευηχ,1.0
ευλαβ,1.0
ευσεβ,1.0
ευτυχις,1.0
ευτυχισμεν,1.0
ζεστ,1.0
ζωηρ,0.5
ζωογον,1.0
ζωοφιλ,0.5
ηδονικ,0.0
ηλιοχαρ,1.0
ημερ,0.75
ησυχος,0.5
ησυχ,0.5
θερμικ,0.0
θερμοαιμ,-0.25
θερμοκεφαλ,-0.5
θερμ,0.75
θετικ,1.0
θλιβερ,-1.0
θλιμμεν,-1.0
θολ,-0.75
θρησκευτικ,-0.5
θυμωμεν,-1.0
ιωδ,0.0
κακοηχ,-0.75
κακοκαρδ,-0.75
κακ,-0.75
καλαισθητικ,1.0
καλλιτεχνικ,0.5
καλοδιαθετ,1.0
καλοκαρδ,0.75
καταχαρ,1.0
κατω,-0.75
κιναισθητικ,0.0
κλειστ,-0.5
κοιν,-0.5
κρυφ,-0.5
λεπταισθητ,0.75
λεπτ,0.5
λυπητερ,-1.0
λυρικ,0.0
μεθυσμεν,-0.25
μεθυς,-0.25
μεθυστικ,1.0
μελαγχολικ,-1.0
μικροπρεπ,-0.75
μισανθρωπ,-1.0
μον,-0.5
μουγγ,-0.75
μουτρωμεν,-1.0
μπαφιασμεν,-1.0
μυικ,0.0
νευρικ,-1.0
νηφαλι,1.0
ντροπαλ,-1.0
ξεκρεμαστ,-0.75
ξενοφοβ,-1.0
οιστρηλατ,0.5
οκταωρ,0.0
ομοιοπαθ,-0.5
οπτικ,0.0
οργανικ,-0.25
παγερ,-0.5
παθητικ,-0.5
πανηγυρικ,1.0
παραξεν,-0.75
παρεισακτ,-0.75
πατριωτικ,0.25
παχυδερμ,-1.0
περιεργ,-0.75
περιπαθ,-0.25
πετριν,-0.75
πικραμεν,-1.0
πλασματικ,-0.25
πληρ,0.5
προσποιητ,-0.75
πρωτογνωρος,0.5
πρωτογνωρ,0.5
πυριν,-0.25
ραγιαδικ,-0.75
ροδιν,1.0
ρομαντικ,1.0
σαδιστικ,-0.75
σαστις,-1.0
σαστισμεν,-1.0
σκανδαλιστικ,-1.0
σπαραχτικ,-1.0
στατικ,-0.75
στεναχωρ,-0.5
στενοχωρημεν,-0.5
στοματικ,0.0
στοργικ,1.0
στρεβλος,-0.75
στρεβλ,-0.75
στυγν,-1.0
στυφ,-1.0
συγκεχυ,-0.75
συγκεχυμεν,-0.75
συμφυ,0.25
συναισθηματικ,0.75
συνδεδεμενος,0.5
συνδεδεμεν,0.5
συνειδητ,-0.25
συνεσταλ,-0.5
συνεσταλμεν,-0.5
συνετ,0.75
συντετριμμεν,-1.0
σχετικ,0.75
σωφρ,0.75
τραγικ,-1.0
τρελος,-0.25
τρελ,-0.25
τρεμα,-0.75
τρυφερος,1.0
τρυφερ,1.0
υπερηφαν,0.75
υπερφιαλ,-1.0
υπευθυν,0.75
υποχρεωτικ,-0.5
υψηλοφρ,0.75
φιλανθρωπ,0.75
φιλοαμερικανικ,-0.75
φιλ,1.0
φλεγματικ,-0.5
χορταστικ,1.0
ψευδαισθητικ,-0.5
ψυχεδελικ,0.5
ψυχρ,-1.0
ψωροκακομοιρ,-1.0
ωμ,-0.75
